;count;mean;std;min;5%;10%;25%;50%;75%;90%;95%;99%;max;ci95_hi;ci95_lo
Combined Feedback;21.0;0.9591836734693877;0.07108762164687418;0.7142857142857143;0.8571428571428571;0.9047619047619048;0.9523809523809523;1.0;1.0;1.0;1.0;1.0;1.0;0.9895883514720314;0.928778995466744
No Feedback;21.0;0.9319727891156463;0.06993911925156396;0.7142857142857143;0.8571428571428571;0.8571428571428571;0.9047619047619048;0.9523809523809523;1.0;1.0;1.0;1.0;1.0;0.9618862445298042;0.9020593337014884
Tactile Feedback;21.0;0.8866213151927437;0.1424408143598879;0.47619047619047616;0.7142857142857143;0.7142857142857143;0.8095238095238095;0.9523809523809523;1.0;1.0;1.0;1.0;1.0;0.947544257819242;0.8256983725662453
Visual Feedback;21.0;0.9637188208616779;0.05195664053237913;0.8095238095238095;0.9047619047619048;0.9047619047619048;0.9523809523809523;1.0;1.0;1.0;1.0;1.0;1.0;0.9859410430839002;0.9414965986394557
SuccessRate;21.0;0.9353741496598641;0.06417223544298009;0.7738095238095238;0.8214285714285714;0.8571428571428572;0.8928571428571428;0.9523809523809523;0.9880952380952381;1.0;1.0;1.0;1.0;0.9628210681268493;0.9079272311928789
