;count;mean;std;min;5%;10%;25%;50%;75%;90%;95%;99%;max;ci95_hi;ci95_lo
Combined Feedback;21.0;0.9773242630385488;0.03569538426511091;0.9047619047619048;0.9047619047619048;0.9047619047619048;0.9523809523809523;1.0;1.0;1.0;1.0;1.0;1.0;0.9925914310717201;0.9620570950053775
No Feedback;21.0;0.9478458049886621;0.0600543251886899;0.8095238095238095;0.8571428571428571;0.8571428571428571;0.9047619047619048;0.9523809523809523;1.0;1.0;1.0;1.0;1.0;0.9735314641474174;0.9221601458299068
Tactile Feedback;21.0;0.9274376417233561;0.08987147237176712;0.7142857142857143;0.7619047619047619;0.8095238095238095;0.9047619047619048;0.9523809523809523;1.0;1.0;1.0;1.0;1.0;0.9658763053863599;0.8889989780603522
Visual Feedback;21.0;0.9659863945578231;0.052473634763746654;0.8095238095238095;0.8571428571428571;0.9047619047619048;0.9523809523809523;1.0;1.0;1.0;1.0;1.0;1.0;0.9884297388652944;0.9435430502503518
SuccessRate;21.0;0.9546485260770975;0.04573955273003245;0.8571428571428572;0.8690476190476191;0.8809523809523809;0.9523809523809523;0.9642857142857143;0.9880952380952381;1.0;1.0;1.0;1.0;0.9742116559233853;0.9350853962308097
